term	url	http	bytes	sha256
ALT	https://diegopenhanut.github.io/vcf-resources/v4_2/ALT/	200	3230	330eb1c6fb39a7c74cab8784151726410baba415fd4211d9049b3950ed5e0b5b
ALT_ID	https://diegopenhanut.github.io/vcf-resources/v4_2/ALT_ID/	200	3239	007fdd3362058b2cd1986f692f29f3e38f987bfbbababd762cc315ed0d22fd1c
ALT_ID_CNV	https://diegopenhanut.github.io/vcf-resources/v4_2/ALT_ID_CNV/	200	3297	44d82003743b40a0a4123695d3473ad80ad55be00c5b4cc7788cf9de44b22230
ALT_ID_DEL	https://diegopenhanut.github.io/vcf-resources/v4_2/ALT_ID_DEL/	200	3265	3000e389caa79554c901376985b8f76cbf9528c9782c3073ec539363606e5a47
ALT_ID_DEL_ME	https://diegopenhanut.github.io/vcf-resources/v4_2/ALT_ID_DEL_ME/	200	3292	6dfbd3020b08570dec4e981bff8d8659c7772a7fdabff7bf9d2249c5e971bdce
ALT_ID_DUP	https://diegopenhanut.github.io/vcf-resources/v4_2/ALT_ID_DUP/	200	3287	d414df2734397c2ce66feb22c4b684ea8339cf89a4acfc66fb29c0e39937f1fd
ALT_ID_DUP_TAMDEM	https://diegopenhanut.github.io/vcf-resources/v4_2/ALT_ID_DUP_TAMDEM/	200	3270	f84a9538d3a827e864af0ae1627843ae78fed007f04481194b95da38eb71fd0e
ALT_ID_INS	https://diegopenhanut.github.io/vcf-resources/v4_2/ALT_ID_INS/	200	3284	9c7d81dfa82d8e0c99015d06c67749c42c187e585add6c82a7aa3f3dd0c8ed88
ALT_ID_INS_ME	https://diegopenhanut.github.io/vcf-resources/v4_2/ALT_ID_INS_ME/	200	3295	2381cb1088298cc9b96fae7e2c838f51ab7bcf86d1173c5e51f299285d3d009f
ALT_ID_INV	https://diegopenhanut.github.io/vcf-resources/v4_2/ALT_ID_INV/	200	3262	257044eaf6b6b8bd2ae183f3319dbe916f39597f086f9714de56e5ccd75060c0
Description	https://diegopenhanut.github.io/vcf-resources/v4_2/Description/	200	3244	e42b9cdd17525c63c3cfab187a46295973b8db7f9f426d7daf869788a6095d5f
FILTER	https://diegopenhanut.github.io/vcf-resources/v4_2/FILTER/	200	3230	94f9c55e5aaa0fb71a015b1dff120b91e63377e3a02643c2aefce6a487300e1b
FILTER_ID	https://diegopenhanut.github.io/vcf-resources/v4_2/FILTER_ID/	200	3233	d456695db8e30a7e926818e9831e83d5835c52b0cb0f9a24deedf88c94823293
FORMAT	https://diegopenhanut.github.io/vcf-resources/v4_2/FORMAT/	200	3230	26ba3731f7642312bde7223f6c730166f6705bd9350139c9ac0eb0f5ac501ea2
FORMAT_ID	https://diegopenhanut.github.io/vcf-resources/v4_2/FORMAT_ID/	200	3233	67973dfbed0b51c80cce706b35c738864aa37de091825895861f34eb96a978dc
FORMAT_ID_DP	https://diegopenhanut.github.io/vcf-resources/v4_2/FORMAT_ID_DP/	200	3288	3e124bd376baeb2d05824cd8969ebd430b87512936144ecd65b1685bd23b64cb
FORMAT_ID_EC	https://diegopenhanut.github.io/vcf-resources/v4_2/FORMAT_ID_EC/	200	3414	0685c95a645150e875178d4548057d04c5772d1a9c594d81cf2ebde3b3c323a0
FORMAT_ID_FT	https://diegopenhanut.github.io/vcf-resources/v4_2/FORMAT_ID_FT/	200	3651	fdb7dc511a244b04d680345b9011de7af2b76597f18c0412411681c0da51a381
FORMAT_ID_GL	https://diegopenhanut.github.io/vcf-resources/v4_2/FORMAT_ID_GL/	200	3404	79bc9f9cc1d6d368b124164789c78fe3823c00aaa249748e51fa2598347d3227
FORMAT_ID_GP	https://diegopenhanut.github.io/vcf-resources/v4_2/FORMAT_ID_GP/	200	3393	a3a93d7cff4865994f7633d34c36b9e1ab7477a4de1cc729303cd0d6ff749aa2
FORMAT_ID_GQ	https://diegopenhanut.github.io/vcf-resources/v4_2/FORMAT_ID_GQ/	200	3377	614e68485706d8a434701daf616c49ca3ac64bf782670430fae877b1ae182083
FORMAT_ID_GT	https://diegopenhanut.github.io/vcf-resources/v4_2/FORMAT_ID_GT/	200	4014	0090cf83210c7e6978adecb916b391296bd2f5fb0a07f74058b5505ed922d4cb
FORMAT_ID_HQ	https://diegopenhanut.github.io/vcf-resources/v4_2/FORMAT_ID_HQ/	200	3302	4a6c342b500049c2ab3b7b12d58e57dd51fdb867ed8b8ad5d315ddbf07b4d888
FORMAT_ID_MQ	https://diegopenhanut.github.io/vcf-resources/v4_2/FORMAT_ID_MQ/	200	3307	4f4ef9b0cf9ea13a5e9212fc8a8f174432a80fa13d3838b5a0476a4525b0bdbc
FORMAT_ID_PL	https://diegopenhanut.github.io/vcf-resources/v4_2/FORMAT_ID_PL/	200	3364	03a8a0794b85c8aa153601ffc9e620b20a98461370941bf1bfd703754a03f91a
FORMAT_ID_PQ	https://diegopenhanut.github.io/vcf-resources/v4_2/FORMAT_ID_PQ/	200	3594	212540d85fe5caf634b52242bcf129cdd9fa9c887bfe65834245c8fe3bf2a59c
FORMAT_ID_PS	https://diegopenhanut.github.io/vcf-resources/v4_2/FORMAT_ID_PS/	200	3779	fd2a900dbb9969470ad045dbcbf15c435f4bbdecd4ac32f8ed300276a83c1e80
INFO	https://diegopenhanut.github.io/vcf-resources/v4_2/INFO/	200	3224	dc49a660b0f77cea1f72468dc96f37fb7886dfc7d765a93209e960e7403e233f
INFO_ID	https://diegopenhanut.github.io/vcf-resources/v4_2/INFO_ID/	200	3227	ff9011209d0754380aa432fbf34f26c2154d14a458669144e9991c868d9edd0c
INFO_ID_1000G	https://diegopenhanut.github.io/vcf-resources/v4_2/INFO_ID_1000G/	200	3266	0b7b25a2e46b13e20e134da337cec2a3202476a13cc7d97429f780a715f82778
INFO_ID_AA	https://diegopenhanut.github.io/vcf-resources/v4_2/INFO_ID_AA/	200	3247	16bcc6f3b301c3d277b2e01dc354f2aaf167db826ba1412c25129e945b24391c
INFO_ID_AF	https://diegopenhanut.github.io/vcf-resources/v4_2/INFO_ID_AF/	200	3360	744a00ff59149e35802b4d5fa633f5b2502b1ddf7c6f824752adfed1fa0108b9
INFO_ID_AN	https://diegopenhanut.github.io/vcf-resources/v4_2/INFO_ID_AN/	200	3274	47d44d206afdb7c4cfbffb365824293b2af57fd5f9f52d0030060457fbbabbd1
INFO_ID_BQ	https://diegopenhanut.github.io/vcf-resources/v4_2/INFO_ID_BQ/	200	3264	f5b8f5b525a1813930dd028c036b1e678d256b9b834adb5d88495403c381fadb
INFO_ID_CC	https://diegopenhanut.github.io/vcf-resources/v4_2/INFO_ID_CC/	200	3306	def7148c95a97c396881ee7d799dc0ec9fc8465a2436d41ca18c4fb2268d9ec1
INFO_ID_CIGAR	https://diegopenhanut.github.io/vcf-resources/v4_2/INFO_ID_CIGAR/	200	3320	629f4abacd90510133b50411e442310e422aec28410c408444b5193e1233dd41
INFO_ID_DB	https://diegopenhanut.github.io/vcf-resources/v4_2/INFO_ID_DB/	200	3247	f7ab8c0c9beefe09a6d1c29b1e154229445643a87c11828f23a1febda46704c9
INFO_ID_DP	https://diegopenhanut.github.io/vcf-resources/v4_2/INFO_ID_DP/	200	3273	c1ff63b5b7ea09d7e25f8ed2d25c1877a212a609f6691f2c9935868064431ba4
INFO_ID_END	https://diegopenhanut.github.io/vcf-resources/v4_2/INFO_ID_END/	200	3318	d08984061d4fb53ad946d1a8dd3af4b190589f4ade189b2cba308c63a9eb0bf8
INFO_ID_H2	https://diegopenhanut.github.io/vcf-resources/v4_2/INFO_ID_H2/	200	3252	41a0ce1793c8e9c5eefc4a3ac68917e1e3423d1a0bdfb150144af353d1edad45
INFO_ID_H3	https://diegopenhanut.github.io/vcf-resources/v4_2/INFO_ID_H3/	200	3252	83faba334bfbf38ad373ef064294bdb51aa047ad33198370f60279ec07885aff
INFO_ID_MQ	https://diegopenhanut.github.io/vcf-resources/v4_2/INFO_ID_MQ/	200	3262	49a15354ca98af0bd60d5bb6938f8da74fba259db2eeb7928d3af2c7aee22a67
INFO_ID_MQ0	https://diegopenhanut.github.io/vcf-resources/v4_2/INFO_ID_MQ0/	200	3280	fa779a5abc57f7d4153689e61300db75f51c18a4c11271011503025c93927111
INFO_ID_NS	https://diegopenhanut.github.io/vcf-resources/v4_2/INFO_ID_NS/	200	3258	473483d8ae2b280a3bb65a25a58d79735bdbfe94ec1081531b6aa84742c1be81
INFO_ID_SB	https://diegopenhanut.github.io/vcf-resources/v4_2/INFO_ID_SB/	200	3259	7870745314735529aacd6221e5eb58b3e6b93da9a86856d53e8e53c1fbd667fe
INFO_ID_SOMATIC	https://diegopenhanut.github.io/vcf-resources/v4_2/INFO_ID_SOMATIC/	200	3314	ee8949bc2ac9561ceeed667e734e0ce4173d1d56c28fee653095e9d76833c407
INFO_ID_VALIDATED	https://diegopenhanut.github.io/vcf-resources/v4_2/INFO_ID_VALIDATED/	200	3285	6051f4a38b9bdc94035ce41ebf7245627d77107349a1a7cb5b76df42b4fbf9e1
Number	https://diegopenhanut.github.io/vcf-resources/v4_2/Number/	200	3254	57544fe3b55d8b59f4f723c18dadc66bd89021a7d4f5f15453e6d8546f3c9dea
PEDIGREE	https://diegopenhanut.github.io/vcf-resources/v4_2/PEDIGREE/	200	3258	4bd182c75c7da6a74f9a0f93f8ea1f2b91a2313bfedfe8b8ec4406b61cda9621
SAMPLE	https://diegopenhanut.github.io/vcf-resources/v4_2/SAMPLE/	200	3251	7d4af7c332c93610e8a38da8a91bf49627aafedf52820d7e417fc5de97c8d1ba
Source	https://diegopenhanut.github.io/vcf-resources/v4_2/Source/	200	3272	1bdb3e0acb91aa6c50b344842e4da52cb1e1e075453075f321eba969088ce3f6
Type	https://diegopenhanut.github.io/vcf-resources/v4_2/Type/	200	3270	8640f9f6915e290eba8b26ae1a95e81bbb73f825178740ee925b6fac745e6f20
assembly	https://diegopenhanut.github.io/vcf-resources/v4_2/assembly/	200	3361	8a95d61f0a2d259b9b407bcb356feac0896c976a0ee7b5282775c25a74360fb0
contig	https://diegopenhanut.github.io/vcf-resources/v4_2/contig/	200	3231	c000735938c511539e99e1f86a5f9a494ca0943a5e3222cf3068fcde3d6cc643
contig_ID	https://diegopenhanut.github.io/vcf-resources/v4_2/contig_ID/	200	3255	a875d1c5fb7f7157a954b7162198e22f26592652acc21c0108f95cb9d36895a5
contig_URL	https://diegopenhanut.github.io/vcf-resources/v4_2/contig_URL/	200	3240	1d35f5da055c31378d6affefe0417956aead57a75343dd1b42d5346c6141b73d
format_propertie	https://diegopenhanut.github.io/vcf-resources/v4_2/format_propertie/	200	3269	3e0d244524ec17afa3a31855808dc8440f0da84681c7c7e0270ffbe829ca09f4
reference	https://diegopenhanut.github.io/vcf-resources/v4_2/reference/	200	3257	e63890224de8bb79c54ca895f0821ce05a37cc1c63c8c47e0c797bbd065496e1
